platform,purchase_date,product_name,category,price,quantity
11번가,2025-01-06T14:29:03,티파니앤코 더블하트 목걸이,액세서리,99335,2
11번가,2025-02-02T22:29:10,아디다스 울트라부스트 23,운동화,33904,1
11번가,2025-02-03T22:23:34,코카콜라 제로 1.5L 2입,콜라,157828,2
11번가,2025-01-10T13:56:46,백산수 무라벨 2L 6입,물,69941,1
네이버,2025-01-08T22:12:36,아이시스 ECO 500ml 20입,물,32745,1
11번가,2025-03-27T20:27:59,나이키 드라이핏 반팔티 화이트 M,티셔츠,108028,2
네이버,2025-01-15T17:47:08,환타 파인애플 355ml 4입,환타,96487,2
네이버,2025-03-05T20:28:35,코코볼 500g,시리얼,22660,3
네이버,2025-03-09T19:51:38,칠성사이다 제로 1.5L 2입,사이다,28786,2
네이버,2025-01-05T22:46:48,유니클로 에어리즘 반팔티 블랙 L,티셔츠,153678,2
11번가,2025-03-10T13:14:02,유니클로 에어리즘 반팔티 블랙 L,티셔츠,113953,2
11번가,2025-02-13T09:06:28,판도라 하트 참 실버,액세서리,104576,3
네이버,2025-03-23T14:22:38,해피바스 바디워시 라벤더향 900g,바디워시,48758,3
네이버,2025-02-26T12:41:26,삼양 불닭볶음면 큰컵 12입,라면,49021,2
11번가,2025-02-23T15:15:40,아이시스 ECO 500ml 20입,물,33355,1
11번가,2025-01-22T21:25:12,티파니앤코 더블하트 목걸이,액세서리,130143,2
네이버,2025-03-09T22:24:13,환타 오렌지 500ml 6입,환타,106964,1
11번가,2025-03-07T18:13:34,칠성사이다 제로 1.5L 2입,사이다,86716,1
네이버,2025-03-09T17:12:38,펩시콜라 355ml 6입,콜라,104739,2
네이버,2025-03-01T12:37:48,아디다스 울트라부스트 23,운동화,4463,3
네이버,2025-03-06T08:36:44,해피바스 바디워시 라벤더향 900g,바디워시,150920,1
네이버,2025-03-04T13:28:07,아이시스 ECO 500ml 20입,물,83076,1
11번가,2025-02-07T14:11:26,지오다노 라운드 반팔티 네이비 L,티셔츠,40016,2
네이버,2025-03-01T11:21:19,스프라이트 500ml 6입,사이다,106929,2
네이버,2025-03-22T19:33:17,샤넬 No.5 오 드 퍼퓸 50ml,향수,142508,3
네이버,2025-01-05T10:54:30,백산수 무라벨 2L 6입,물,68470,3
11번가,2025-01-17T15:54:03,티파니앤코 더블하트 목걸이,액세서리,8722,3
네이버,2025-02-14T10:39:08,디올 소바쥬 오 드 뚜왈렛 60ml,향수,115577,3
네이버,2025-01-17T13:51:11,나이키 스우시 볼캡 화이트,모자,150423,3
네이버,2025-02-19T22:30:34,뉴발란스 574 클래식 그레이,운동화,124895,2
네이버,2025-02-26T18:11:27,환타 오렌지 500ml 6입,환타,89453,2
네이버,2025-02-09T14:57:30,디올 소바쥬 오 드 뚜왈렛 60ml,향수,64263,1
11번가,2025-01-16T11:03:17,칠성사이다 오리지널 1.5L 4입,사이다,80357,3
11번가,2025-01-08T08:39:03,스프라이트 500ml 6입,사이다,64056,1
네이버,2025-03-21T21:33:43,지오다노 라운드 반팔티 네이비 L,티셔츠,140500,2
11번가,2025-01-28T15:00:31,코코볼 500g,시리얼,94918,3
네이버,2025-02-09T17:52:31,오트밀 그래놀라 700g,시리얼,3855,1
11번가,2025-02-21T12:48:00,스프라이트 500ml 6입,사이다,106501,2
11번가,2025-03-05T08:47:56,TS 샴푸 플러스 500ml,샴푸,11650,3
11번가,2025-02-10T11:44:28,지오다노 면 캡 블랙,모자,4926,1
네이버,2025-03-06T10:05:12,코코볼 500g,시리얼,139299,1
11번가,2025-02-26T11:38:39,랭킹닭컴 훈제 닭가슴살 1kg,닭가슴살,64458,3
네이버,2025-01-22T10:46:12,아디다스 크로스백 미니,가방,99078,3
11번가,2025-02-04T16:32:32,펩시콜라 355ml 6입,콜라,90161,3
11번가,2025-03-19T09:07:28,유니클로 에어리즘 반팔티 블랙 L,티셔츠,66216,2
11번가,2025-01-12T16:28:08,칠성사이다 오리지널 1.5L 4입,사이다,135582,2
네이버,2025-01-14T16:05:27,아이시스 ECO 500ml 20입,물,143865,3
네이버,2025-02-24T21:30:22,MLB 모노그램 버킷햇,모자,140584,3
네이버,2025-03-13T15:29:59,샤넬 No.5 오 드 퍼퓸 50ml,향수,76174,3
11번가,2025-03-19T09:55:22,러쉬 더티 바디워시 250ml,바디워시,12312,1
11번가,2025-01-28T12:10:52,판도라 하트 참 실버,액세서리,26437,3
네이버,2025-03-12T15:18:06,삼양 불닭볶음면 큰컵 12입,라면,88649,1
네이버,2025-02-12T12:03:14,맛있닭 닭가슴살 갈릭맛 1kg,닭가슴살,154720,1
11번가,2025-03-03T12:34:10,해피바스 바디워시 라벤더향 900g,바디워시,135855,1
11번가,2025-03-15T11:36:14,지오다노 라운드 반팔티 네이비 L,티셔츠,66034,1
11번가,2025-03-08T15:02:52,샘소나이트 비즈니스 백 네이비,가방,37288,1
11번가,2025-03-28T21:34:44,환타 파인애플 355ml 4입,환타,128807,2
네이버,2025-01-12T22:33:58,신라면 5개입,라면,76799,2
네이버,2025-03-09T18:02:03,펩시콜라 355ml 6입,콜라,154540,1
11번가,2025-03-11T21:08:31,판도라 하트 참 실버,액세서리,47994,2
11번가,2025-02-18T22:16:15,랭킹닭컴 훈제 닭가슴살 1kg,닭가슴살,71247,1
11번가,2025-02-16T19:06:00,삼양 불닭볶음면 큰컵 12입,라면,60517,1
11번가,2025-01-13T20:13:12,려 자양윤모 샴푸 500ml,샴푸,134458,1
네이버,2025-03-06T19:12:11,아이시스 ECO 500ml 20입,물,69409,1
네이버,2025-01-23T14:08:15,지오다노 라운드 반팔티 네이비 L,티셔츠,74115,3
네이버,2025-03-28T12:27:25,나이키 드라이핏 반팔티 화이트 M,티셔츠,113104,3
네이버,2025-01-05T22:30:53,지오다노 면 캡 블랙,모자,15885,2
네이버,2025-02-16T15:49:03,나이키 에어포스 1 화이트,운동화,117472,3
11번가,2025-02-05T09:02:24,노스페이스 백팩 핫샷,가방,114097,1
11번가,2025-03-05T20:04:26,아디다스 크로스백 미니,가방,50796,1
네이버,2025-03-18T08:23:41,샘소나이트 비즈니스 백 네이비,가방,3379,3
11번가,2025-03-21T19:02:00,엘라스틴 퍼퓸샴푸 600ml,샴푸,82724,1
11번가,2025-02-18T12:33:32,니베아 바디워시 크림케어 900ml,바디워시,144345,1
11번가,2025-01-01T16:00:54,환타 포도 1.5L 2입,환타,72751,2
11번가,2025-02-09T17:59:33,티파니앤코 더블하트 목걸이,액세서리,112919,1
11번가,2025-03-05T20:08:36,제주삼다수 그린 무라벨 2L 6입,물,46984,2
네이버,2025-01-31T22:20:50,엘라스틴 퍼퓸샴푸 600ml,샴푸,143257,2
11번가,2025-01-19T20:28:34,아디다스 크로스백 미니,가방,126445,1
네이버,2025-01-10T14:36:12,지오다노 면 캡 블랙,모자,149868,3
11번가,2025-02-25T13:48:12,켈로그 첵스초코 500g,시리얼,47596,2
네이버,2025-02-15T15:16:36,노스페이스 백팩 핫샷,가방,78248,3
네이버,2025-02-26T14:59:35,지오다노 라운드 반팔티 네이비 L,티셔츠,127823,1
11번가,2025-01-23T13:14:37,코카콜라 제로 1.5L 2입,콜라,33869,1
네이버,2025-01-20T12:34:10,아디다스 크로스백 미니,가방,28059,3
11번가,2025-01-19T13:17:28,디올 소바쥬 오 드 뚜왈렛 60ml,향수,136183,2
네이버,2025-03-11T20:41:50,환타 포도 1.5L 2입,환타,118756,1
네이버,2025-03-06T12:39:29,해피바스 바디워시 라벤더향 900g,바디워시,112279,1
네이버,2025-03-25T15:16:58,해피바스 바디워시 라벤더향 900g,바디워시,96749,1
11번가,2025-02-04T10:25:05,러쉬 더티 바디워시 250ml,바디워시,80380,1
11번가,2025-02-14T16:24:21,환타 오렌지 500ml 6입,환타,62503,1
네이버,2025-03-25T22:23:19,디올 소바쥬 오 드 뚜왈렛 60ml,향수,3899,3
네이버,2025-03-09T15:15:54,백산수 무라벨 2L 6입,물,17537,3
11번가,2025-01-13T14:24:34,려 자양윤모 샴푸 500ml,샴푸,13078,2
11번가,2025-03-31T11:33:53,판도라 하트 참 실버,액세서리,136655,3
네이버,2025-02-26T12:36:19,코카콜라 오리지널 500ml 4입,콜라,31501,3
네이버,2025-01-14T22:44:35,해피바스 바디워시 라벤더향 900g,바디워시,19756,2
네이버,2025-02-06T10:32:54,MLB 모노그램 버킷햇,모자,148821,2
네이버,2025-03-13T16:06:41,엘라스틴 퍼퓸샴푸 600ml,샴푸,62230,3
네이버,2025-02-19T14:34:02,지오다노 라운드 반팔티 네이비 L,티셔츠,101521,2
11번가,2025-01-08T22:32:18,백산수 무라벨 2L 6입,물,46637,2
11번가,2025-01-29T14:29:03,려 자양윤모 샴푸 500ml,샴푸,153553,3
네이버,2025-01-28T11:11:38,TS 샴푸 플러스 500ml,샴푸,95120,2
11번가,2025-01-13T15:54:49,칠성사이다 제로 1.5L 2입,사이다,144218,3
네이버,2025-02-09T21:42:21,해피바스 바디워시 라벤더향 900g,바디워시,24712,1
11번가,2025-02-02T11:25:05,삼양 불닭볶음면 큰컵 12입,라면,79337,2
네이버,2025-01-13T12:23:42,스프라이트 500ml 6입,사이다,77327,2
네이버,2025-03-24T17:59:48,엘라스틴 퍼퓸샴푸 600ml,샴푸,149654,3
네이버,2025-02-22T12:21:50,칠성사이다 제로 1.5L 2입,사이다,55604,3
11번가,2025-03-24T08:09:22,러쉬 더티 바디워시 250ml,바디워시,86305,1
11번가,2025-01-21T18:27:28,판도라 하트 참 실버,액세서리,137973,3
11번가,2025-02-04T17:23:03,하림 닭가슴살 오리지널 1kg,닭가슴살,109306,2
네이버,2025-03-31T19:25:16,지오다노 면 캡 블랙,모자,98121,2
11번가,2025-01-02T20:53:01,칠성사이다 제로 1.5L 2입,사이다,8055,2
네이버,2025-03-17T22:24:47,나이키 드라이핏 반팔티 화이트 M,티셔츠,109621,1
네이버,2025-03-08T08:15:38,나이키 에어포스 1 화이트,운동화,76686,1
네이버,2025-01-22T22:49:08,디올 소바쥬 오 드 뚜왈렛 60ml,향수,33646,2
11번가,2025-01-10T19:23:10,해피바스 바디워시 라벤더향 900g,바디워시,64743,1
11번가,2025-03-04T21:25:18,디올 소바쥬 오 드 뚜왈렛 60ml,향수,19660,1
11번가,2025-03-02T13:30:54,환타 오렌지 500ml 6입,환타,94912,3
네이버,2025-03-25T17:40:34,칠성사이다 제로 1.5L 2입,사이다,44881,3
네이버,2025-02-19T22:43:04,칠성사이다 제로 1.5L 2입,사이다,74925,3
11번가,2025-03-29T13:10:32,하림 닭가슴살 오리지널 1kg,닭가슴살,102314,1
네이버,2025-01-08T22:23:01,MLB 모노그램 버킷햇,모자,98929,3
네이버,2025-02-23T10:51:22,지오다노 라운드 반팔티 네이비 L,티셔츠,65153,2
11번가,2025-03-15T12:00:46,지오다노 라운드 반팔티 네이비 L,티셔츠,109301,1
네이버,2025-02-05T13:48:04,환타 파인애플 355ml 4입,환타,114892,3
11번가,2025-02-02T22:07:10,하림 닭가슴살 오리지널 1kg,닭가슴살,31514,1
네이버,2025-03-06T12:05:59,오트밀 그래놀라 700g,시리얼,67168,3
11번가,2025-03-13T17:38:54,아디다스 울트라부스트 23,운동화,146709,2
네이버,2025-02-03T17:54:18,아디다스 크로스백 미니,가방,149538,1
11번가,2025-02-26T11:28:30,스톤헨지 러브링 골드,액세서리,77378,2
네이버,2025-03-24T16:16:24,환타 파인애플 355ml 4입,환타,99346,2
네이버,2025-01-14T16:58:36,샘소나이트 비즈니스 백 네이비,가방,127030,1
네이버,2025-03-21T09:09:04,나이키 스우시 볼캡 화이트,모자,114704,3
11번가,2025-01-20T12:01:57,코카콜라 오리지널 500ml 4입,콜라,128614,1
네이버,2025-03-02T15:14:45,스톤헨지 러브링 골드,액세서리,131190,2
11번가,2025-02-02T18:42:26,지오다노 면 캡 블랙,모자,53698,3
네이버,2025-01-19T20:49:58,스프라이트 500ml 6입,사이다,12825,1
11번가,2025-01-16T17:30:46,환타 포도 1.5L 2입,환타,123231,1
11번가,2025-02-28T17:43:14,켈로그 첵스초코 500g,시리얼,4013,2
11번가,2025-03-18T10:27:25,신라면 5개입,라면,83081,2
11번가,2025-02-12T08:48:18,삼양 불닭볶음면 큰컵 12입,라면,67665,2
네이버,2025-01-21T21:18:06,디올 소바쥬 오 드 뚜왈렛 60ml,향수,50174,1
네이버,2025-03-07T09:39:00,디올 소바쥬 오 드 뚜왈렛 60ml,향수,78576,3
네이버,2025-03-31T22:29:33,아이시스 ECO 500ml 20입,물,110715,2
11번가,2025-01-16T10:38:18,나이키 드라이핏 반팔티 화이트 M,티셔츠,59302,1
11번가,2025-03-10T15:06:02,백산수 무라벨 2L 6입,물,152797,2
11번가,2025-01-15T20:41:04,샤넬 No.5 오 드 퍼퓸 50ml,향수,136797,3
네이버,2025-01-31T13:00:21,뉴발란스 574 클래식 그레이,운동화,117342,2
네이버,2025-01-15T22:45:58,아이시스 ECO 500ml 20입,물,65134,3
11번가,2025-01-04T09:57:56,스프라이트 500ml 6입,사이다,25334,1
11번가,2025-01-14T14:00:53,스톤헨지 러브링 골드,액세서리,59972,2
네이버,2025-02-04T17:25:25,나이키 드라이핏 반팔티 화이트 M,티셔츠,87017,3
네이버,2025-02-02T22:56:00,샤넬 No.5 오 드 퍼퓸 50ml,향수,64589,1
네이버,2025-02-11T16:36:58,코코볼 500g,시리얼,159947,3
네이버,2025-03-27T20:11:30,려 자양윤모 샴푸 500ml,샴푸,49802,1
11번가,2025-02-07T09:08:08,칠성사이다 제로 1.5L 2입,사이다,31242,3
11번가,2025-03-26T10:53:03,샤넬 No.5 오 드 퍼퓸 50ml,향수,116206,3
네이버,2025-03-29T12:11:12,백산수 무라벨 2L 6입,물,81994,3
11번가,2025-02-25T19:17:14,려 자양윤모 샴푸 500ml,샴푸,131505,3
11번가,2025-03-01T11:30:54,MLB 모노그램 버킷햇,모자,57870,3
네이버,2025-02-02T17:30:39,조말론 잉글리쉬페어앤프리지아 30ml,향수,94635,3
네이버,2025-03-12T20:30:19,조말론 잉글리쉬페어앤프리지아 30ml,향수,67432,1
11번가,2025-02-07T16:17:04,환타 포도 1.5L 2입,환타,119066,2
11번가,2025-03-31T21:31:33,칠성사이다 오리지널 1.5L 4입,사이다,134388,3
네이버,2025-03-10T17:06:10,러쉬 더티 바디워시 250ml,바디워시,143704,3
네이버,2025-03-01T08:36:28,엘라스틴 퍼퓸샴푸 600ml,샴푸,21798,1
네이버,2025-03-05T22:59:12,코카콜라 제로 1.5L 2입,콜라,135075,2
11번가,2025-01-04T18:50:27,러쉬 더티 바디워시 250ml,바디워시,71100,2
네이버,2025-03-17T10:11:42,아디다스 울트라부스트 23,운동화,76643,1
네이버,2025-02-18T19:27:56,아이시스 ECO 500ml 20입,물,71924,1
네이버,2025-01-01T22:10:31,환타 오렌지 500ml 6입,환타,121237,2
네이버,2025-02-08T19:10:37,신라면 5개입,라면,57997,3
11번가,2025-02-05T13:35:04,뉴발란스 574 클래식 그레이,운동화,122582,1
11번가,2025-01-21T21:11:54,스톤헨지 러브링 골드,액세서리,10567,2
11번가,2025-01-26T19:15:00,MLB 모노그램 버킷햇,모자,84015,1
11번가,2025-02-28T16:49:14,제주삼다수 그린 무라벨 2L 6입,물,82209,1
네이버,2025-03-14T12:15:41,너구리 5개입,라면,84854,1
네이버,2025-02-10T10:05:34,샤넬 No.5 오 드 퍼퓸 50ml,향수,78514,2
네이버,2025-02-16T11:14:26,환타 파인애플 355ml 4입,환타,56426,1
네이버,2025-03-31T10:26:45,코카콜라 제로 1.5L 2입,콜라,3228,3
11번가,2025-01-30T08:26:14,나이키 에어포스 1 화이트,운동화,8391,3
11번가,2025-01-26T17:10:01,삼양 불닭볶음면 큰컵 12입,라면,43482,3
11번가,2025-01-02T18:08:19,뉴발란스 574 클래식 그레이,운동화,152314,3
11번가,2025-01-20T13:12:24,디올 소바쥬 오 드 뚜왈렛 60ml,향수,55290,1
11번가,2025-02-17T13:22:20,오트밀 그래놀라 700g,시리얼,54626,2
네이버,2025-01-02T09:33:45,엘라스틴 퍼퓸샴푸 600ml,샴푸,32703,1
11번가,2025-02-19T14:54:46,환타 오렌지 500ml 6입,환타,101244,3
11번가,2025-02-15T15:07:41,TS 샴푸 플러스 500ml,샴푸,150076,3
네이버,2025-03-19T22:34:12,아디다스 울트라부스트 23,운동화,105460,2
네이버,2025-02-12T08:10:26,나이키 드라이핏 반팔티 화이트 M,티셔츠,58312,2
네이버,2025-01-14T12:28:22,러쉬 더티 바디워시 250ml,바디워시,22500,2
11번가,2025-03-08T21:16:52,백산수 무라벨 2L 6입,물,8839,3
11번가,2025-03-22T20:24:21,려 자양윤모 샴푸 500ml,샴푸,27169,3
네이버,2025-03-18T16:46:37,디올 소바쥬 오 드 뚜왈렛 60ml,향수,15739,3
네이버,2025-03-02T16:57:04,노스페이스 백팩 핫샷,가방,97149,1
11번가,2025-02-23T15:04:09,티파니앤코 더블하트 목걸이,액세서리,100021,2
11번가,2025-03-26T09:42:27,펩시콜라 355ml 6입,콜라,37617,2
네이버,2025-02-14T14:24:19,뉴발란스 574 클래식 그레이,운동화,58546,2
11번가,2025-02-01T11:35:31,너구리 5개입,라면,60947,1
네이버,2025-03-31T08:05:00,나이키 드라이핏 반팔티 화이트 M,티셔츠,9500,2
11번가,2025-01-16T09:40:04,코카콜라 오리지널 500ml 4입,콜라,81396,3
네이버,2025-03-13T10:28:20,조말론 잉글리쉬페어앤프리지아 30ml,향수,152145,1
네이버,2025-02-21T11:49:11,판도라 하트 참 실버,액세서리,140066,2
11번가,2025-01-04T21:52:56,MLB 모노그램 버킷햇,모자,52915,2
네이버,2025-01-02T21:46:46,오트밀 그래놀라 700g,시리얼,93545,2
11번가,2025-03-27T17:01:20,니베아 바디워시 크림케어 900ml,바디워시,152939,1
11번가,2025-02-10T20:57:45,환타 파인애플 355ml 4입,환타,81390,2
11번가,2025-02-02T15:49:38,하림 닭가슴살 오리지널 1kg,닭가슴살,122675,3
네이버,2025-01-10T16:38:44,디올 소바쥬 오 드 뚜왈렛 60ml,향수,57413,1
네이버,2025-03-22T09:57:26,MLB 모노그램 버킷햇,모자,127376,2
11번가,2025-02-13T12:49:34,스프라이트 500ml 6입,사이다,109352,1
11번가,2025-03-20T12:44:39,티파니앤코 더블하트 목걸이,액세서리,68027,1
11번가,2025-01-13T17:14:31,랭킹닭컴 훈제 닭가슴살 1kg,닭가슴살,75441,3
네이버,2025-03-04T13:54:53,칠성사이다 제로 1.5L 2입,사이다,83547,2
11번가,2025-03-30T17:23:40,너구리 5개입,라면,65129,3
11번가,2025-02-26T21:20:22,MLB 모노그램 버킷햇,모자,105365,2
네이버,2025-02-17T17:50:29,티파니앤코 더블하트 목걸이,액세서리,40996,2
네이버,2025-02-11T17:53:43,디올 소바쥬 오 드 뚜왈렛 60ml,향수,153538,3
네이버,2025-03-06T08:14:06,랭킹닭컴 훈제 닭가슴살 1kg,닭가슴살,4017,3
네이버,2025-01-04T11:43:30,켈로그 첵스초코 500g,시리얼,83071,3
11번가,2025-01-16T12:22:47,너구리 5개입,라면,24932,1
11번가,2025-01-18T11:05:46,오트밀 그래놀라 700g,시리얼,107212,2
11번가,2025-01-15T14:09:59,디올 소바쥬 오 드 뚜왈렛 60ml,향수,150519,1
네이버,2025-01-13T16:40:39,려 자양윤모 샴푸 500ml,샴푸,68467,3
네이버,2025-01-11T18:12:55,샘소나이트 비즈니스 백 네이비,가방,148967,1
네이버,2025-01-03T12:51:04,러쉬 더티 바디워시 250ml,바디워시,148520,2
11번가,2025-02-18T16:05:28,해피바스 바디워시 라벤더향 900g,바디워시,41320,2
11번가,2025-02-24T17:19:56,아디다스 크로스백 미니,가방,28956,2
11번가,2025-03-23T13:59:32,너구리 5개입,라면,24079,3
11번가,2025-01-11T17:01:24,코코볼 500g,시리얼,75186,1
11번가,2025-03-09T20:39:41,하림 닭가슴살 오리지널 1kg,닭가슴살,73497,3
네이버,2025-03-05T12:06:30,삼양 불닭볶음면 큰컵 12입,라면,124484,2
11번가,2025-03-13T14:58:13,환타 파인애플 355ml 4입,환타,148655,1
11번가,2025-02-03T18:50:31,조말론 잉글리쉬페어앤프리지아 30ml,향수,9346,2
11번가,2025-02-06T15:17:16,코카콜라 오리지널 500ml 4입,콜라,29239,3
네이버,2025-03-07T10:06:06,환타 파인애플 355ml 4입,환타,54865,1
네이버,2025-01-28T18:31:13,나이키 드라이핏 반팔티 화이트 M,티셔츠,20567,1
11번가,2025-01-07T12:36:28,펩시콜라 355ml 6입,콜라,45380,2
네이버,2025-01-13T11:48:10,나이키 드라이핏 반팔티 화이트 M,티셔츠,103427,2
11번가,2025-03-13T18:11:08,유니클로 에어리즘 반팔티 블랙 L,티셔츠,152730,3
네이버,2025-01-17T16:13:33,나이키 스우시 볼캡 화이트,모자,59249,3
네이버,2025-02-28T09:12:18,환타 오렌지 500ml 6입,환타,131550,2
네이버,2025-02-18T08:47:26,조말론 잉글리쉬페어앤프리지아 30ml,향수,139864,2
네이버,2025-03-22T19:37:08,환타 오렌지 500ml 6입,환타,87596,1
11번가,2025-03-07T11:37:23,유니클로 에어리즘 반팔티 블랙 L,티셔츠,16133,1
11번가,2025-03-13T19:03:32,너구리 5개입,라면,60518,3
네이버,2025-02-13T18:29:17,백산수 무라벨 2L 6입,물,3665,3
네이버,2025-02-19T16:42:23,스프라이트 500ml 6입,사이다,143657,1
11번가,2025-03-22T22:11:01,오트밀 그래놀라 700g,시리얼,128677,2
11번가,2025-02-03T16:05:39,노스페이스 백팩 핫샷,가방,132663,3
네이버,2025-02-20T13:24:01,아이시스 ECO 500ml 20입,물,63547,2
네이버,2025-02-20T08:34:57,나이키 에어포스 1 화이트,운동화,65957,1
네이버,2025-01-13T16:46:38,판도라 하트 참 실버,액세서리,94718,1
11번가,2025-01-15T21:39:12,환타 포도 1.5L 2입,환타,38820,3
11번가,2025-01-23T15:55:40,삼양 불닭볶음면 큰컵 12입,라면,61359,2
11번가,2025-01-16T15:24:13,뉴발란스 574 클래식 그레이,운동화,38642,1
네이버,2025-02-16T13:09:37,디올 소바쥬 오 드 뚜왈렛 60ml,향수,27044,2
11번가,2025-01-29T22:55:14,나이키 에어포스 1 화이트,운동화,108166,2
네이버,2025-03-13T17:15:03,나이키 스우시 볼캡 화이트,모자,35009,3
11번가,2025-01-21T09:10:06,샤넬 No.5 오 드 퍼퓸 50ml,향수,11256,2
네이버,2025-01-06T16:53:19,유니클로 에어리즘 반팔티 블랙 L,티셔츠,55311,1
네이버,2025-02-05T14:09:54,뉴발란스 574 클래식 그레이,운동화,114050,3
네이버,2025-02-04T10:59:31,켈로그 첵스초코 500g,시리얼,88983,2
11번가,2025-03-22T21:48:19,지오다노 라운드 반팔티 네이비 L,티셔츠,78245,3
네이버,2025-03-03T09:54:24,뉴발란스 574 클래식 그레이,운동화,144321,1
네이버,2025-01-30T15:22:11,TS 샴푸 플러스 500ml,샴푸,86102,2
11번가,2025-03-05T13:56:20,지오다노 면 캡 블랙,모자,84495,2
11번가,2025-03-07T08:41:57,나이키 드라이핏 반팔티 화이트 M,티셔츠,134315,1
네이버,2025-03-10T12:14:58,러쉬 더티 바디워시 250ml,바디워시,150368,2
11번가,2025-03-06T10:12:19,아디다스 울트라부스트 23,운동화,76004,3
11번가,2025-01-27T15:11:23,티파니앤코 더블하트 목걸이,액세서리,107508,1
네이버,2025-03-17T20:47:12,코코볼 500g,시리얼,136771,1
네이버,2025-02-25T11:37:48,코카콜라 오리지널 500ml 4입,콜라,62003,2
11번가,2025-02-15T11:35:22,오트밀 그래놀라 700g,시리얼,120623,3
11번가,2025-03-02T22:05:28,나이키 에어포스 1 화이트,운동화,39477,1
11번가,2025-01-06T13:23:46,니베아 바디워시 크림케어 900ml,바디워시,91648,1
11번가,2025-02-08T12:00:49,뉴발란스 574 클래식 그레이,운동화,111153,1
네이버,2025-02-15T11:14:09,하림 닭가슴살 오리지널 1kg,닭가슴살,55023,3
11번가,2025-03-09T17:50:13,환타 파인애플 355ml 4입,환타,73194,1
11번가,2025-02-06T18:06:50,유니클로 에어리즘 반팔티 블랙 L,티셔츠,142734,3
11번가,2025-03-28T14:12:03,나이키 드라이핏 반팔티 화이트 M,티셔츠,99333,1
네이버,2025-01-05T14:02:23,지오다노 면 캡 블랙,모자,15730,2
11번가,2025-03-07T08:21:23,지오다노 라운드 반팔티 네이비 L,티셔츠,39213,2
11번가,2025-03-31T22:13:22,유니클로 에어리즘 반팔티 블랙 L,티셔츠,87249,3
네이버,2025-02-19T20:54:48,삼양 불닭볶음면 큰컵 12입,라면,108218,1
11번가,2025-02-21T10:08:15,판도라 하트 참 실버,액세서리,148774,2
11번가,2025-02-12T13:51:33,뉴발란스 574 클래식 그레이,운동화,28991,2
11번가,2025-02-24T15:44:13,아디다스 울트라부스트 23,운동화,64391,3
11번가,2025-03-29T13:47:28,지오다노 면 캡 블랙,모자,105473,3
11번가,2025-01-11T16:14:23,환타 파인애플 355ml 4입,환타,116510,3
네이버,2025-02-22T08:16:55,샘소나이트 비즈니스 백 네이비,가방,21582,3
네이버,2025-02-01T18:18:17,펩시콜라 355ml 6입,콜라,121666,2
네이버,2025-01-23T16:30:28,신라면 5개입,라면,27611,1
네이버,2025-03-25T09:49:24,려 자양윤모 샴푸 500ml,샴푸,86231,2
네이버,2025-03-29T22:08:49,티파니앤코 더블하트 목걸이,액세서리,25214,3
11번가,2025-02-09T08:35:02,해피바스 바디워시 라벤더향 900g,바디워시,3754,2
네이버,2025-02-23T22:41:05,MLB 모노그램 버킷햇,모자,136941,2
네이버,2025-03-03T08:06:13,코카콜라 오리지널 500ml 4입,콜라,74835,1
네이버,2025-02-12T11:37:45,러쉬 더티 바디워시 250ml,바디워시,53779,1
네이버,2025-01-24T20:28:22,판도라 하트 참 실버,액세서리,19093,2
네이버,2025-01-25T18:24:10,샘소나이트 비즈니스 백 네이비,가방,13903,1
11번가,2025-01-11T14:31:16,랭킹닭컴 훈제 닭가슴살 1kg,닭가슴살,98717,3
11번가,2025-01-13T20:51:22,칠성사이다 오리지널 1.5L 4입,사이다,71981,3
11번가,2025-01-21T09:10:16,맛있닭 닭가슴살 갈릭맛 1kg,닭가슴살,80706,3
네이버,2025-01-02T16:42:49,환타 포도 1.5L 2입,환타,33479,2
네이버,2025-01-09T14:40:48,러쉬 더티 바디워시 250ml,바디워시,26978,2
11번가,2025-02-09T18:53:21,니베아 바디워시 크림케어 900ml,바디워시,16102,3
11번가,2025-01-04T18:09:41,아디다스 크로스백 미니,가방,116131,3
네이버,2025-03-12T09:38:02,지오다노 면 캡 블랙,모자,47798,3
네이버,2025-03-05T15:39:14,너구리 5개입,라면,121868,1
네이버,2025-03-12T12:37:15,려 자양윤모 샴푸 500ml,샴푸,75712,1
11번가,2025-03-18T20:21:23,디올 소바쥬 오 드 뚜왈렛 60ml,향수,71108,1
네이버,2025-02-19T18:13:43,조말론 잉글리쉬페어앤프리지아 30ml,향수,55657,2
네이버,2025-01-26T10:59:55,나이키 드라이핏 반팔티 화이트 M,티셔츠,139335,3
11번가,2025-02-09T15:38:30,칠성사이다 제로 1.5L 2입,사이다,9507,3
네이버,2025-01-06T16:22:23,나이키 드라이핏 반팔티 화이트 M,티셔츠,35897,3
11번가,2025-01-03T18:24:23,코카콜라 제로 1.5L 2입,콜라,30826,2
네이버,2025-02-14T22:37:49,판도라 하트 참 실버,액세서리,28221,1
네이버,2025-03-26T14:03:57,니베아 바디워시 크림케어 900ml,바디워시,72078,1
네이버,2025-02-11T12:25:45,환타 오렌지 500ml 6입,환타,70241,2
네이버,2025-01-30T12:07:39,펩시콜라 355ml 6입,콜라,126853,3
네이버,2025-03-06T14:05:16,러쉬 더티 바디워시 250ml,바디워시,133918,1
네이버,2025-02-04T17:38:18,환타 포도 1.5L 2입,환타,36620,2
네이버,2025-03-07T14:12:39,뉴발란스 574 클래식 그레이,운동화,20569,3
네이버,2025-03-04T10:16:47,코코볼 500g,시리얼,123055,3
네이버,2025-02-23T14:05:17,환타 파인애플 355ml 4입,환타,38596,1
11번가,2025-03-10T08:49:47,백산수 무라벨 2L 6입,물,77805,1
11번가,2025-03-08T10:43:39,판도라 하트 참 실버,액세서리,150832,2
네이버,2025-03-21T12:15:17,스프라이트 500ml 6입,사이다,3508,3
네이버,2025-01-17T17:29:00,신라면 5개입,라면,148360,3
네이버,2025-03-19T22:17:37,스톤헨지 러브링 골드,액세서리,13250,1
네이버,2025-03-27T13:33:07,MLB 모노그램 버킷햇,모자,149639,3
11번가,2025-01-23T16:26:49,노스페이스 백팩 핫샷,가방,55155,1
네이버,2025-01-01T21:52:24,지오다노 면 캡 블랙,모자,35072,3
네이버,2025-01-14T21:28:32,제주삼다수 그린 무라벨 2L 6입,물,121134,3
네이버,2025-01-11T22:22:21,지오다노 라운드 반팔티 네이비 L,티셔츠,104013,3
11번가,2025-01-15T12:42:31,유니클로 에어리즘 반팔티 블랙 L,티셔츠,13388,2
11번가,2025-02-07T12:32:19,아디다스 울트라부스트 23,운동화,7698,1
11번가,2025-01-05T14:51:51,칠성사이다 오리지널 1.5L 4입,사이다,126558,3
11번가,2025-01-24T11:08:13,스프라이트 500ml 6입,사이다,22760,1
11번가,2025-01-18T11:48:35,아이시스 ECO 500ml 20입,물,133018,2
11번가,2025-03-20T21:28:03,오트밀 그래놀라 700g,시리얼,31810,2
11번가,2025-03-30T19:07:51,펩시콜라 355ml 6입,콜라,116073,1
11번가,2025-01-01T15:10:31,아이시스 ECO 500ml 20입,물,152226,3
11번가,2025-03-13T12:41:48,니베아 바디워시 크림케어 900ml,바디워시,127023,1
네이버,2025-01-29T11:21:04,펩시콜라 355ml 6입,콜라,120057,1
11번가,2025-02-23T08:41:43,려 자양윤모 샴푸 500ml,샴푸,78159,1
네이버,2025-02-22T13:42:03,러쉬 더티 바디워시 250ml,바디워시,38836,2
네이버,2025-02-13T18:52:42,판도라 하트 참 실버,액세서리,37082,1
네이버,2025-03-26T14:22:16,환타 오렌지 500ml 6입,환타,72347,2
네이버,2025-01-20T13:24:19,디올 소바쥬 오 드 뚜왈렛 60ml,향수,89175,2
11번가,2025-03-24T22:57:46,려 자양윤모 샴푸 500ml,샴푸,121906,1
네이버,2025-03-30T11:01:44,코코볼 500g,시리얼,55468,2
네이버,2025-01-19T21:07:03,오트밀 그래놀라 700g,시리얼,39748,3
11번가,2025-02-07T14:21:23,맛있닭 닭가슴살 갈릭맛 1kg,닭가슴살,10166,3
11번가,2025-03-12T13:30:11,조말론 잉글리쉬페어앤프리지아 30ml,향수,114597,1
11번가,2025-03-08T14:02:33,엘라스틴 퍼퓸샴푸 600ml,샴푸,113075,2
11번가,2025-02-12T17:20:32,나이키 스우시 볼캡 화이트,모자,43716,1
11번가,2025-03-30T10:52:13,판도라 하트 참 실버,액세서리,77977,3
네이버,2025-01-29T14:32:05,삼양 불닭볶음면 큰컵 12입,라면,147274,2
네이버,2025-01-10T19:48:21,켈로그 첵스초코 500g,시리얼,141248,3
네이버,2025-01-22T09:55:25,엘라스틴 퍼퓸샴푸 600ml,샴푸,46408,2
네이버,2025-01-06T16:27:44,켈로그 첵스초코 500g,시리얼,84926,2
네이버,2025-03-09T12:59:31,TS 샴푸 플러스 500ml,샴푸,133507,3
네이버,2025-03-21T16:44:47,펩시콜라 355ml 6입,콜라,146619,1
11번가,2025-02-28T12:26:44,TS 샴푸 플러스 500ml,샴푸,3441,2
11번가,2025-02-11T16:59:39,코카콜라 오리지널 500ml 4입,콜라,65489,3
네이버,2025-01-16T14:19:25,스톤헨지 러브링 골드,액세서리,4323,3
11번가,2025-03-05T19:13:54,하림 닭가슴살 오리지널 1kg,닭가슴살,105702,3
11번가,2025-02-18T17:02:27,코코볼 500g,시리얼,124593,1
11번가,2025-02-26T09:52:33,너구리 5개입,라면,137001,1
네이버,2025-01-01T12:14:14,판도라 하트 참 실버,액세서리,39035,1
11번가,2025-03-28T18:19:06,나이키 드라이핏 반팔티 화이트 M,티셔츠,131180,1
11번가,2025-01-03T13:08:51,니베아 바디워시 크림케어 900ml,바디워시,153314,1
11번가,2025-01-19T22:27:56,스프라이트 500ml 6입,사이다,59520,2
11번가,2025-02-28T17:12:58,MLB 모노그램 버킷햇,모자,55958,1
네이버,2025-03-11T17:53:23,엘라스틴 퍼퓸샴푸 600ml,샴푸,140076,3
네이버,2025-02-09T18:30:22,스톤헨지 러브링 골드,액세서리,82008,2
네이버,2025-01-06T22:22:42,칠성사이다 오리지널 1.5L 4입,사이다,24849,2
네이버,2025-03-12T18:14:49,스톤헨지 러브링 골드,액세서리,118505,3
네이버,2025-01-05T12:58:07,니베아 바디워시 크림케어 900ml,바디워시,112703,1
네이버,2025-02-27T14:25:09,스프라이트 500ml 6입,사이다,135268,1
11번가,2025-02-06T09:37:38,나이키 드라이핏 반팔티 화이트 M,티셔츠,118840,3
네이버,2025-03-05T21:26:48,엘라스틴 퍼퓸샴푸 600ml,샴푸,59619,2
네이버,2025-01-02T09:01:27,샤넬 No.5 오 드 퍼퓸 50ml,향수,36874,1
네이버,2025-02-18T10:19:40,환타 파인애플 355ml 4입,환타,144095,1
11번가,2025-01-14T17:25:04,코코볼 500g,시리얼,17557,1
네이버,2025-01-20T13:15:06,삼양 불닭볶음면 큰컵 12입,라면,113722,3
11번가,2025-01-02T13:45:17,너구리 5개입,라면,69979,1
11번가,2025-03-30T22:58:29,조말론 잉글리쉬페어앤프리지아 30ml,향수,124413,2
네이버,2025-03-01T11:20:29,샘소나이트 비즈니스 백 네이비,가방,155685,2
11번가,2025-03-18T10:10:28,러쉬 더티 바디워시 250ml,바디워시,87779,3
11번가,2025-01-25T20:24:34,아디다스 크로스백 미니,가방,96493,1
네이버,2025-02-26T15:05:49,나이키 드라이핏 반팔티 화이트 M,티셔츠,59497,1
11번가,2025-03-31T09:23:21,러쉬 더티 바디워시 250ml,바디워시,155018,3
11번가,2025-03-13T08:16:00,코카콜라 제로 1.5L 2입,콜라,102362,1
11번가,2025-01-08T10:34:02,니베아 바디워시 크림케어 900ml,바디워시,3399,3
11번가,2025-02-17T16:14:29,너구리 5개입,라면,51652,3
11번가,2025-02-26T08:46:38,디올 소바쥬 오 드 뚜왈렛 60ml,향수,80168,2
네이버,2025-03-03T22:16:16,신라면 5개입,라면,110494,1
11번가,2025-01-27T14:38:44,스프라이트 500ml 6입,사이다,64654,3
네이버,2025-02-09T09:47:36,유니클로 에어리즘 반팔티 블랙 L,티셔츠,114450,1
네이버,2025-02-17T12:49:05,오트밀 그래놀라 700g,시리얼,139920,3
11번가,2025-02-17T21:45:17,아이시스 ECO 500ml 20입,물,132737,3
네이버,2025-01-10T18:22:09,나이키 에어포스 1 화이트,운동화,54511,2
네이버,2025-03-23T18:54:49,티파니앤코 더블하트 목걸이,액세서리,145571,1
네이버,2025-03-18T08:14:30,유니클로 에어리즘 반팔티 블랙 L,티셔츠,87407,2
네이버,2025-01-27T09:23:00,노스페이스 백팩 핫샷,가방,145885,3
네이버,2025-01-11T20:58:23,샘소나이트 비즈니스 백 네이비,가방,5274,2
네이버,2025-03-22T16:31:50,아디다스 크로스백 미니,가방,64157,1
네이버,2025-02-21T22:32:55,제주삼다수 그린 무라벨 2L 6입,물,86248,3
네이버,2025-03-27T09:00:07,지오다노 라운드 반팔티 네이비 L,티셔츠,90239,2
11번가,2025-01-14T17:56:31,환타 파인애플 355ml 4입,환타,38818,2
네이버,2025-03-30T22:51:10,러쉬 더티 바디워시 250ml,바디워시,87528,3
11번가,2025-02-03T16:42:40,백산수 무라벨 2L 6입,물,28536,1
네이버,2025-03-21T11:05:34,아디다스 울트라부스트 23,운동화,137442,3
네이버,2025-03-17T21:21:13,스톤헨지 러브링 골드,액세서리,40027,2
11번가,2025-01-27T21:47:33,환타 포도 1.5L 2입,환타,67488,3
네이버,2025-02-25T09:22:00,신라면 5개입,라면,58788,1
11번가,2025-02-13T22:51:04,환타 포도 1.5L 2입,환타,111821,2
11번가,2025-03-23T18:06:38,코코볼 500g,시리얼,117975,2
11번가,2025-03-05T19:14:08,아이시스 ECO 500ml 20입,물,23664,3
네이버,2025-02-05T21:03:19,칠성사이다 오리지널 1.5L 4입,사이다,17117,2
11번가,2025-02-20T18:41:38,스프라이트 500ml 6입,사이다,20432,1
11번가,2025-01-17T09:46:18,나이키 드라이핏 반팔티 화이트 M,티셔츠,147958,1
11번가,2025-01-13T12:44:46,려 자양윤모 샴푸 500ml,샴푸,9318,2
11번가,2025-03-26T19:55:31,디올 소바쥬 오 드 뚜왈렛 60ml,향수,137252,2
네이버,2025-03-07T12:44:21,켈로그 첵스초코 500g,시리얼,28733,1
11번가,2025-02-22T13:09:30,너구리 5개입,라면,83126,3
네이버,2025-01-30T19:54:38,려 자양윤모 샴푸 500ml,샴푸,159481,1
네이버,2025-03-15T10:13:47,삼양 불닭볶음면 큰컵 12입,라면,93184,3
네이버,2025-01-05T11:42:53,해피바스 바디워시 라벤더향 900g,바디워시,78527,2
11번가,2025-03-07T09:11:25,하림 닭가슴살 오리지널 1kg,닭가슴살,107218,3
네이버,2025-03-11T20:10:59,판도라 하트 참 실버,액세서리,157149,1
11번가,2025-01-27T22:16:20,환타 파인애플 355ml 4입,환타,74802,3
네이버,2025-02-18T19:16:07,아디다스 크로스백 미니,가방,95030,1
11번가,2025-03-25T20:54:41,펩시콜라 355ml 6입,콜라,64554,1
11번가,2025-03-26T13:49:02,샤넬 No.5 오 드 퍼퓸 50ml,향수,23379,2
네이버,2025-03-09T19:34:30,TS 샴푸 플러스 500ml,샴푸,25797,3
11번가,2025-03-09T13:09:56,뉴발란스 574 클래식 그레이,운동화,133269,3
네이버,2025-03-08T17:21:18,나이키 드라이핏 반팔티 화이트 M,티셔츠,79555,2
11번가,2025-02-15T12:12:40,제주삼다수 그린 무라벨 2L 6입,물,153830,1
네이버,2025-01-10T12:42:28,노스페이스 백팩 핫샷,가방,21518,3
11번가,2025-02-02T09:37:40,니베아 바디워시 크림케어 900ml,바디워시,10048,3
11번가,2025-01-07T15:15:49,샤넬 No.5 오 드 퍼퓸 50ml,향수,95113,1
네이버,2025-03-10T18:13:51,백산수 무라벨 2L 6입,물,136194,3
네이버,2025-02-22T10:39:07,켈로그 첵스초코 500g,시리얼,13512,3
네이버,2025-03-27T20:06:23,려 자양윤모 샴푸 500ml,샴푸,16084,1
11번가,2025-02-12T08:46:02,켈로그 첵스초코 500g,시리얼,63117,2
11번가,2025-01-27T12:29:46,판도라 하트 참 실버,액세서리,156134,3
11번가,2025-01-23T18:46:34,신라면 5개입,라면,52153,1
11번가,2025-03-30T10:46:12,백산수 무라벨 2L 6입,물,51169,1
네이버,2025-02-04T15:32:48,너구리 5개입,라면,68126,1
11번가,2025-03-01T08:48:39,아이시스 ECO 500ml 20입,물,126985,2
네이버,2025-01-13T21:37:25,백산수 무라벨 2L 6입,물,70342,1
11번가,2025-02-14T08:03:55,노스페이스 백팩 핫샷,가방,130033,1
네이버,2025-02-27T10:07:00,TS 샴푸 플러스 500ml,샴푸,147569,2
11번가,2025-01-17T17:34:52,너구리 5개입,라면,137334,1
11번가,2025-03-07T15:54:33,백산수 무라벨 2L 6입,물,27046,1
네이버,2025-01-03T20:47:43,삼양 불닭볶음면 큰컵 12입,라면,66852,1
네이버,2025-02-06T18:53:03,니베아 바디워시 크림케어 900ml,바디워시,126306,3
네이버,2025-03-13T22:29:46,샘소나이트 비즈니스 백 네이비,가방,109332,2
네이버,2025-01-23T13:49:06,맛있닭 닭가슴살 갈릭맛 1kg,닭가슴살,27044,3
11번가,2025-01-18T18:58:17,너구리 5개입,라면,137614,1
네이버,2025-03-31T14:42:06,환타 포도 1.5L 2입,환타,8756,3
11번가,2025-02-27T14:43:47,켈로그 첵스초코 500g,시리얼,88153,2
11번가,2025-03-06T22:58:02,지오다노 면 캡 블랙,모자,97987,2
네이버,2025-01-26T08:31:43,디올 소바쥬 오 드 뚜왈렛 60ml,향수,31649,2
11번가,2025-02-06T10:45:00,TS 샴푸 플러스 500ml,샴푸,147816,3
11번가,2025-01-04T20:10:53,너구리 5개입,라면,37605,1
11번가,2025-03-01T11:34:42,해피바스 바디워시 라벤더향 900g,바디워시,51424,2
11번가,2025-01-06T19:20:37,니베아 바디워시 크림케어 900ml,바디워시,127691,1
네이버,2025-03-19T17:34:10,티파니앤코 더블하트 목걸이,액세서리,112902,3
네이버,2025-03-28T19:37:10,환타 포도 1.5L 2입,환타,136976,3
11번가,2025-01-13T19:27:44,뉴발란스 574 클래식 그레이,운동화,3741,3
네이버,2025-01-06T20:17:06,나이키 에어포스 1 화이트,운동화,149570,1
네이버,2025-02-27T17:45:11,아디다스 울트라부스트 23,운동화,115434,3
네이버,2025-01-17T21:41:22,MLB 모노그램 버킷햇,모자,56088,3
네이버,2025-03-16T15:59:26,엘라스틴 퍼퓸샴푸 600ml,샴푸,103657,2
11번가,2025-02-10T13:03:56,칠성사이다 제로 1.5L 2입,사이다,155863,3
11번가,2025-03-18T10:54:33,엘라스틴 퍼퓸샴푸 600ml,샴푸,151328,1
11번가,2025-01-27T20:15:03,러쉬 더티 바디워시 250ml,바디워시,78308,3
11번가,2025-01-24T08:13:08,판도라 하트 참 실버,액세서리,135856,1
네이버,2025-03-15T09:05:34,아디다스 울트라부스트 23,운동화,55926,3
11번가,2025-02-04T08:11:32,지오다노 면 캡 블랙,모자,79391,2
11번가,2025-02-18T17:18:03,TS 샴푸 플러스 500ml,샴푸,43458,1
네이버,2025-02-22T22:50:53,제주삼다수 그린 무라벨 2L 6입,물,81668,3
11번가,2025-01-23T09:34:36,하림 닭가슴살 오리지널 1kg,닭가슴살,83794,2
네이버,2025-03-08T08:55:58,제주삼다수 그린 무라벨 2L 6입,물,131667,1
11번가,2025-01-03T12:32:44,려 자양윤모 샴푸 500ml,샴푸,103948,1
네이버,2025-01-19T11:47:55,칠성사이다 오리지널 1.5L 4입,사이다,97380,2
네이버,2025-03-07T10:15:27,샤넬 No.5 오 드 퍼퓸 50ml,향수,136388,2
네이버,2025-01-20T13:52:11,제주삼다수 그린 무라벨 2L 6입,물,89964,3
네이버,2025-03-21T12:57:15,하림 닭가슴살 오리지널 1kg,닭가슴살,93815,3
네이버,2025-01-23T12:21:13,디올 소바쥬 오 드 뚜왈렛 60ml,향수,77447,1
11번가,2025-02-19T21:29:37,노스페이스 백팩 핫샷,가방,147934,1
네이버,2025-02-02T08:44:50,환타 파인애플 355ml 4입,환타,20942,2
11번가,2025-02-25T14:28:32,지오다노 면 캡 블랙,모자,138150,2
11번가,2025-03-14T21:17:11,칠성사이다 오리지널 1.5L 4입,사이다,134013,3
